,ISBN,Count,Price,

Zoo!,9780794413613 ,9,20,
Farm!,9780794416065 ,8,20,


Booktime Book Fatastic Poem,9780141325538 ,157,5,


科普-DK-All Around The Farm,9780756629779 ,32,20,63Page


故事-FairyTale Story,9780755484621 ,14,25,



A collection of Fairy Tales for storytime(beauty and the beast),9780755483235 ,3,25,
A collection of Fairy Tales for storytime(sleeping beauty),9780755483228 ,6,25,
A collection of Fairy Tales for storytime(Three pigs),9780755483242 ,43,25,

My Favorite Nursery Rhymes ,9780755479948 ,25,25,

海绵书-Squeek,9781741845365 ,10,10,



LonelyPlanet-A Year of adventure,9781741048384 ,74,15,
Frameworks for Learning and Development,9780733986079 ,19,15,
Organisation Theory-5th,9780733974717 ,23,15,575Page
The Big Picture,9780733985904 ,15,15,
Think History,9780435313500 ,7,15,


Upclose-GiantDinosaurs,9781445101705 ,87,8
Upclose-Dinosaurs,9781445101309 ,82,8
Upclose-Sharkes,9781445101316 ,26,8
Upclose-T.Rex,9781445101354 ,116,8
Upclose-Pirates,9781445101286 ,75,8
Upclose-Monster Trucks,9781445101323 ,41,8
Upclose-SpeedMachine,9781445101293 ,119,8
Upclose-Space,9781445101330 ,50,8
Upclose-Snakes,9781445101347 ,78,8


The Think Tank Boxes----------------------,,,
YellowLevel-7-G1,,7,80
OringeLevel-8-G2,,5,80
BlueLevel-12-G6,,17,80
Red Level-11-G5,,1,80


毛线书-Curious Kitties - A color book,631248007058 ,22,6
毛线书- Blue Birds Nest,631248006648 ,8,6
毛线书-Three little catepillars,631248007195 ,2,6

ByeBye Pacitier,9781581175219 ,78,2
ByeBye Bottle,9781581174991 ,42,2
ByeBye Diaper,9781581175226 ,114,2

鸡蛋壳-Nursery Rhyme - RainBow,9781921564161 ,5,25

Ten little fingers and ten little toes,9781406320701 ,23,6
All Fall Down,9781406319491 ,66,6
Tickle Tickle,9781406319477 ,4,6
Say Goodnight,9781406319484 ,55,6

wake up bunny,9781741818093 ,10,15
sleep tight bunny,9781741818086 ,10,15

Look at me - 面具书,9781934618189 ,19,10
四本一套,colors shapes,11,16
Spot can count,9780399243615 ,3,25

DK-My First Farm - 花边,9780756655440 ,19,25
DK-My First numbers-花边,9780756636043 ,30,25


珠珠书-Fun with Numbers,,48,5
Welcome To The Zoo,9781840119732 ,7,25



纸板-I am just a fish,9781846661556 ,19,8


Carefull Bee!,9781554541744 ,151,8
Silly Puppy,9781554541751 ,60,8
"Up up, and Away",9781554541768 ,30,8
Are You My Mummy,9781554541737 ,145,8

Fun with Letters,9781741783919 ,27,8
Fun with Animals,9781741783957 ,10,8
Fun with Words,9781741783940 ,24,8

Learning My Shapes,9781741789430 ,14,8
Learning My Animals,9781741789423 ,35,8
Learning My Numbers,9781741789416 ,73,8


At the Construction Site,9780545064538 ,6,15




绘本-Big Thoughts for little People,9781414333106 ,1,20
绘本-Skippyjones-and-the big Bones,9780525478843 ,48,8
绘本-Don't Let the Aliens Get My Marvellous Mum,9781862336490 ,8,15
绘本-Everet,9780789210012 ,9,20
绘本 - Do mice eat Rice,9780804836432 ,47,15
绘本-Oliver who would not sleep,9780439928267 ,99,15
绘本-Frog's Baby Sister,9780670036592 ,9,15
绘本-Are you an Ant,9780753405512 ,10,15
绘本-Ten little Puppy,9780740784811 ,1,15,
绘本-Good Sports,9780375837005 ,2,10,


O is for Obama ,9781600783197 ,8,25,
This Tress counts,9780807578902 ,10,20,

My Vancouver Sketchbook,9780889712485 ,110,5,

Big Thought For Little People,9781414333106 ,5,25,

zhiban-Lullaby Moon,9780545211468 ,9,15,

gushi-comic-Trickster,9781555917241 ,9,25,225page-21story


My Inner Child,9781932393606 ,24,25

Birdie's Big-Girl Shoes,9780316044707 ,10,10
The legend of Sand Dollar,9780310707806 ,9,10
Soft-The big brother's promise,9780807509029 ,19,10
Whisle for Whille,9780670762408 ,4,15
Soft-Night Shift Daddy,9780153650840 ,17,10
Crash Bang Donkey!,9780807513309 ,9,20
Lady Bug Girl,9780803731950 ,9,15
Soft-Rose,9780312376024 ,8,15
Soft-The Young Gardener,9781869507947 ,9,10
If  you give a cat a cupcake,9780060283247 ,9,10
Only in Dreams,9780811860246 ,107,15
Do mice eat Rice,9780804836432 ,47,10
Soft-My mummy is Magic,9781405090230 ,10,8
Possy,9781843629900 ,10,10
carlita Ropes the Twister,9780817272562 ,9,6
Hush little Polar Bear ,9781596433687 ,7,15
Oliver Who whould not sleep,9780439928267 ,16,15
Good Sports,9780375837005 ,29,9
Monkey and me,9780230015838 ,10,10
Soft-TeaTime in Space,9781741827941 ,10,15
Soft- Fergus Joins the search,9780980531831 ,22,10

Finding Lincoln,9780807524350 ,2,15
God has a Plan for little girls,9780736921510 ,3,15

My Very Fairy Princess,9780316096270 ,36,20
My Giant Dress-up Doll book,9781845615239 ,58,25

Knights of the Castle,776217022608 ,36,30


Animal Maze,9780746057360 ,68,4,



pintu-circus Acorbats,877495118448 ,34,4,

StarWar Sticker,9781405341462 ,22,20,厚


Ultimate Stiker - 合集,9780756657451 ,6,20,厚


Irish Legends Stiker Book,9780717147748 ,9,15,薄

The big busy book for girls,9781848790469 ,7,15,

How to Draw fairies,9781848101470 ,6,15


Dk-Star War -slim,9781405307406 ,10,2

Usborne-Face Painting,9780746085196 ,4,25


亮晶晶贴纸-粉红-Pferde&Ponys,4197816901952 ,51,2
亮晶晶贴纸-圣诞-weihnachtsmalbuch,4197253301957 ,55,2
亮晶晶贴纸-黄色-Ostermalbuch,4197361601956 ,56,2


Rhyme Bible,9780310701972 ,2,38


I love sharks,9781842367827 ,19,5,
I love Dinosaurs,9781842367797 ,2,5,
I love baby animals,9781842367810 ,1,5,
I love Owls,9781842368237 ,2,5,

The ultimate book of Knowledge,9780199113248 ,5,5,



The Trick of the Tale,9781840111347 ,8,,厚

Great irish legends for children,9780717124671 ,17,67,
Great Irish Heroes,9780717137930 ,5,6,

My Very Fairy Princess -硬皮精装,9780316040501 ,86,15,

Leprechaun Tales,9780717126989 ,7,25

VeryFirstReading1(Pirate Pat),9781409507031 ,6,8
VeryFirstReading2(The Dressing Up box),9781409507048 ,8,8
VeryFirstReading3(A Bus For Miss Moss),9781409507055 ,8,8
VeryFirstReading5(Grizzly Bear Rock),9781409507079 ,5,8
VeryFirstReading6(The Queen Makes a Scene),9781409507086 ,3,8
VeryFirstReading7（stop that cow),9781409507093 ,1,8
VeryFirstReading12 the circus under the sea,9781409507147 ,12,8
VeryFirstReading13,9781409507154 ,2,8
VeryFirstReading14,9781409507161 ,1,8
VeryFirstReading15（Mr Mystery),9781409507178 ,9,8
VeryFirstReading8(moon Zoom),9781409507109 ,1,8
VeryFirstReading9(Run rabit run),9781409507116 ,1,8
VeryFirstReading10 Late night at the zoo,9781409507123 ,1,8

Usborn- Beginners- Castles,9780746074466 ,23,8
Usborn- Beginners- Spiders,9780746074794 ,,8


四本一套童话故事书,,,
The adventures of Sinbad,9781842392348-1,16,8
The princes and the pea,9781842392348-2,14,8
Alice in wonderland,9781842392348-3,33,8
The adventures of Pinocchino,9781842392348-4,109,8


虹猫蓝兔火凤凰-红色,9787539743776 ,19,5
虹猫蓝兔火凤凰-淡蓝色,9787539743783 ,18,5


创意学习系列-胃先生的故事,9789629892708 ,19,5
创意学习系列-猜猜我是谁,9789629892685 ,17,5
创意学习系列-亲爱一家人,9789629892692 ,19,5


幼稚园-爱说普通话,9780195450729 ,19,5



SpongeBob-1,27506904014 ,10,4
SpongeBob-3,27506904038 ,1,4
SpongeBob-6,27506904069 ,6,4
SpongeBob-4,27506904045 ,21,4
SpongeBob-5,27506904052 ,5,4
SpongeBob-7,27506904076 ,1,4
SpongeBob-10,27506904106 ,5,4
SpongeBob-8,27506904083 ,1,4,

Scooby Doo!-4,27506040040 ,10,4,



Start Here Go far,9789889840655 ,63,54,


农场-My Farmyard Tales,9781435115224 ,140,20,(1箱24，4箱27

贴纸-The Simpsons,9780330403191 ,140,2,
马戏团立体书-Circus Ring Leader,8157730401-1,97,2,
马戏团立体书-Circus Animal,8157730401-2,95,2,


National Geography-Lions,9781426302084 ,4,25

Heavest,9780982027899 ,19,10
MemFox绘本四本一套,9780999293201 ,22,32
